tau,worst_K200_dadfix,cellmean_K50_dadlag1,cellmean_K100_dadlag1,cellmean_K200_dadfix,fire_overall,fire_K50,fire_K100,fire_K200
0.02,0.0,-0.052639999999999985,-0.014880000000000015,0.0,0.6666666666666666,0.6,0.8,1.0
0.03,0.0,-0.052639999999999985,-0.004320000000000002,0.006879999999999997,0.5,0.6,0.4,0.8
0.05,0.0,-0.052639999999999985,-0.004320000000000002,0.006879999999999997,0.5,0.6,0.4,0.8
0.075,0.0,-0.04079999999999998,-0.004320000000000002,0.006879999999999997,0.4444444444444444,0.4,0.4,0.8
0.1,0.0,-0.04079999999999998,-0.0008000000000000007,0.008960000000000001,0.3333333333333333,0.4,0.2,0.6
