{
  "n_rows": 2250,
  "H1_ewma_no_hazard_K200": {
    "supported": false,
    "n_failures": 2,
    "failures": [
      {
        "cell_K": 200,
        "window": 2,
        "ewma3": 0.45840000000000003,
        "fixed": 0.5176000000000001,
        "lag1": 0.45840000000000003,
        "offline": 0.556,
        "trail3": 0.45840000000000003,
        "d_ewma_fix": -0.05920000000000003,
        "d_ewma_lag1": 0.0,
        "d_ewma_trail": 0.0,
        "d_off_fix": 0.03839999999999999,
        "rho_ewma": -1.5416666666666679,
        "d_lag1_fix": -0.05920000000000003,
        "rho_lag1": -1.5416666666666679
      },
      {
        "cell_K": 200,
        "window": 3,
        "ewma3": 0.2688,
        "fixed": 0.3464,
        "lag1": 0.2688,
        "offline": 0.39520000000000005,
        "trail3": 0.2688,
        "d_ewma_fix": -0.0776,
        "d_ewma_lag1": 0.0,
        "d_ewma_trail": 0.0,
        "d_off_fix": 0.048800000000000066,
        "rho_ewma": -1.5901639344262275,
        "d_lag1_fix": -0.0776,
        "rho_lag1": -1.5901639344262275
      }
    ]
  },
  "H2_ewma_matches_lag1_modK": {
    "supported": false,
    "n_failures": 5,
    "failures": [
      {
        "cell_K": 50,
        "window": 4,
        "ewma3": 0.528,
        "fixed": 0.5144,
        "lag1": 0.6064,
        "offline": 0.604,
        "trail3": 0.528,
        "d_ewma_fix": 0.013600000000000056,
        "d_ewma_lag1": -0.07840000000000003,
        "d_ewma_trail": 0.0,
        "d_off_fix": 0.08960000000000001,
        "rho_ewma": 0.15178571428571488,
        "d_lag1_fix": 0.09200000000000008,
        "rho_lag1": 1.026785714285715
      },
      {
        "cell_K": 50,
        "window": 6,
        "ewma3": 0.48479999999999995,
        "fixed": 0.49920000000000003,
        "lag1": 0.5064,
        "offline": 0.512,
        "trail3": 0.48479999999999995,
        "d_ewma_fix": -0.01440000000000008,
        "d_ewma_lag1": -0.021600000000000008,
        "d_ewma_trail": 0.0,
        "d_off_fix": 0.012799999999999978,
        "rho_ewma": -1.1250000000000082,
        "d_lag1_fix": 0.007199999999999929,
        "rho_lag1": 0.5624999999999953
      },
      {
        "cell_K": 100,
        "window": 3,
        "ewma3": 0.4608,
        "fixed": 0.5168,
        "lag1": 0.5472,
        "offline": 0.5312,
        "trail3": 0.4608,
        "d_ewma_fix": -0.05600000000000005,
        "d_ewma_lag1": -0.08640000000000003,
        "d_ewma_trail": 0.0,
        "d_off_fix": 0.014399999999999968,
        "rho_ewma": -3.888888888888901,
        "d_lag1_fix": 0.030399999999999983,
        "rho_lag1": 2.1111111111111147
      },
      {
        "cell_K": 100,
        "window": 4,
        "ewma3": 0.35600000000000004,
        "fixed": 0.4064,
        "lag1": 0.4192,
        "offline": 0.4192,
        "trail3": 0.35600000000000004,
        "d_ewma_fix": -0.050399999999999945,
        "d_ewma_lag1": -0.06319999999999998,
        "d_ewma_trail": 0.0,
        "d_off_fix": 0.012800000000000034,
        "rho_ewma": -3.9374999999999853,
        "d_lag1_fix": 0.012800000000000034,
        "rho_lag1": 1.0
      },
      {
        "cell_K": 100,
        "window": 6,
        "ewma3": 0.3296,
        "fixed": 0.3152,
        "lag1": 0.3552,
        "offline": 0.3456,
        "trail3": 0.332,
        "d_ewma_fix": 0.014400000000000024,
        "d_ewma_lag1": -0.02560000000000001,
        "d_ewma_trail": -0.0024000000000000132,
        "d_off_fix": 0.030400000000000038,
        "rho_ewma": 0.473684210526316,
        "d_lag1_fix": 0.040000000000000036,
        "rho_lag1": 1.31578947368421
      }
    ]
  },
  "H3_ewma_matches_trail3": {
    "supported": false,
    "n_failures": 1,
    "failures": [
      {
        "cell_K": 100,
        "window": 5,
        "ewma3": 0.4008,
        "fixed": 0.3832,
        "lag1": 0.4008,
        "offline": 0.4192,
        "trail3": 0.2944,
        "d_ewma_fix": 0.017600000000000005,
        "d_ewma_lag1": 0.0,
        "d_ewma_trail": 0.1064,
        "d_off_fix": 0.03600000000000003,
        "rho_ewma": 0.4888888888888886,
        "d_lag1_fix": 0.017600000000000005,
        "rho_lag1": 0.4888888888888886
      }
    ]
  },
  "H4_ewma_recovery_K200": {
    "supported": false,
    "rho_K200_mean": -0.9358354255895237
  },
  "recovery_per_cell": {
    "rho_ewma": {
      "50": 0.528,
      "100": -1.366,
      "200": -0.936
    },
    "rho_lag1": {
      "50": 1.041,
      "100": 0.99,
      "200": -0.657
    }
  },
  "cell_window_means": [
    {
      "cell_K": 50,
      "window": 1,
      "ewma3": 0.5952,
      "fixed": 0.5952,
      "lag1": 0.5952,
      "offline": 0.5952,
      "trail3": 0.5952,
      "d_ewma_fix": 0.0,
      "d_ewma_lag1": 0.0,
      "d_ewma_trail": 0.0,
      "d_off_fix": 0.0,
      "rho_ewma": NaN,
      "d_lag1_fix": 0.0,
      "rho_lag1": NaN
    },
    {
      "cell_K": 50,
      "window": 2,
      "ewma3": 0.7408,
      "fixed": 0.544,
      "lag1": 0.7408,
      "offline": 0.7568,
      "trail3": 0.7408,
      "d_ewma_fix": 0.1968,
      "d_ewma_lag1": 0.0,
      "d_ewma_trail": 0.0,
      "d_off_fix": 0.2128,
      "rho_ewma": 0.9248,
      "d_lag1_fix": 0.1968,
      "rho_lag1": 0.9248
    },
    {
      "cell_K": 50,
      "window": 3,
      "ewma3": 0.628,
      "fixed": 0.564,
      "lag1": 0.628,
      "offline": 0.6648,
      "trail3": 0.628,
      "d_ewma_fix": 0.064,
      "d_ewma_lag1": 0.0,
      "d_ewma_trail": 0.0,
      "d_off_fix": 0.1008,
      "rho_ewma": 0.6349,
      "d_lag1_fix": 0.064,
      "rho_lag1": 0.6349
    },
    {
      "cell_K": 50,
      "window": 4,
      "ewma3": 0.528,
      "fixed": 0.5144,
      "lag1": 0.6064,
      "offline": 0.604,
      "trail3": 0.528,
      "d_ewma_fix": 0.0136,
      "d_ewma_lag1": -0.0784,
      "d_ewma_trail": 0.0,
      "d_off_fix": 0.0896,
      "rho_ewma": 0.1518,
      "d_lag1_fix": 0.092,
      "rho_lag1": 1.0268
    },
    {
      "cell_K": 50,
      "window": 5,
      "ewma3": 0.58,
      "fixed": 0.5208,
      "lag1": 0.58,
      "offline": 0.5496,
      "trail3": 0.5632,
      "d_ewma_fix": 0.0592,
      "d_ewma_lag1": 0.0,
      "d_ewma_trail": 0.0168,
      "d_off_fix": 0.0288,
      "rho_ewma": 2.0556,
      "d_lag1_fix": 0.0592,
      "rho_lag1": 2.0556
    },
    {
      "cell_K": 50,
      "window": 6,
      "ewma3": 0.4848,
      "fixed": 0.4992,
      "lag1": 0.5064,
      "offline": 0.512,
      "trail3": 0.4848,
      "d_ewma_fix": -0.0144,
      "d_ewma_lag1": -0.0216,
      "d_ewma_trail": 0.0,
      "d_off_fix": 0.0128,
      "rho_ewma": -1.125,
      "d_lag1_fix": 0.0072,
      "rho_lag1": 0.5625
    },
    {
      "cell_K": 100,
      "window": 1,
      "ewma3": 0.5952,
      "fixed": 0.5952,
      "lag1": 0.5952,
      "offline": 0.5952,
      "trail3": 0.5952,
      "d_ewma_fix": 0.0,
      "d_ewma_lag1": 0.0,
      "d_ewma_trail": 0.0,
      "d_off_fix": 0.0,
      "rho_ewma": NaN,
      "d_lag1_fix": 0.0,
      "rho_lag1": NaN
    },
    {
      "cell_K": 100,
      "window": 2,
      "ewma3": 0.5552,
      "fixed": 0.5512,
      "lag1": 0.5552,
      "offline": 0.6664,
      "trail3": 0.5552,
      "d_ewma_fix": 0.004,
      "d_ewma_lag1": 0.0,
      "d_ewma_trail": 0.0,
      "d_off_fix": 0.1152,
      "rho_ewma": 0.0347,
      "d_lag1_fix": 0.004,
      "rho_lag1": 0.0347
    },
    {
      "cell_K": 100,
      "window": 3,
      "ewma3": 0.4608,
      "fixed": 0.5168,
      "lag1": 0.5472,
      "offline": 0.5312,
      "trail3": 0.4608,
      "d_ewma_fix": -0.056,
      "d_ewma_lag1": -0.0864,
      "d_ewma_trail": 0.0,
      "d_off_fix": 0.0144,
      "rho_ewma": -3.8889,
      "d_lag1_fix": 0.0304,
      "rho_lag1": 2.1111
    },
    {
      "cell_K": 100,
      "window": 4,
      "ewma3": 0.356,
      "fixed": 0.4064,
      "lag1": 0.4192,
      "offline": 0.4192,
      "trail3": 0.356,
      "d_ewma_fix": -0.0504,
      "d_ewma_lag1": -0.0632,
      "d_ewma_trail": 0.0,
      "d_off_fix": 0.0128,
      "rho_ewma": -3.9375,
      "d_lag1_fix": 0.0128,